"En mars, quand il fait beau, prends ton manteau."
"Il ne faut pas vendre la peau de l'ours avant qu'on ne l'ait mis à terre."
"Toujours pêche qui en prend un."
"Une abeille vaut mieux que mille mouches."
"L'intention fait l'action."
"Si on savait les trous, on prendrait les loups."
"Craignez la colère de la colombe."
"Au premier son, on ne prend la caille."
"Tant que le chien pisse, le lièvre s'enfuit."
"Un peu de honte est bientôt bue."
"En mars, quand il fait beau, prends ton manteau."
"Il ne faut pas vendre la peau de l'ours avant qu'on ne l'ait mis à terre."
"Toujours pêche qui en prend un."
"Une abeille vaut mieux que mille mouches."
"L'intention fait l'action."
"Si on savait les trous, on prendrait les loups."
"Craignez la colère de la colombe."
"Au premier son, on ne prend la caille."
"Tant que le chien pisse, le lièvre s'enfuit."
"Un peu de honte est bientôt bue."
"Il ne faut pas vendre la peau de l'ours avant qu'on ne l'ait mis à terre."
"Toujours ne dure orage ne guerre."
"Une abeille vaut mieux que mille mouches."
"Au premier son, on ne prend la caille."
"Un peu de honte est bientôt bue."
"Toujours pêche qui en prend un."
"Tant que le chien pisse, le lièvre s'enfuit."
"Si on savait les trous, on prendrait les loups."
"La Sainte-Mélanie de la pluie n'en veut mie."
"C'est le ton qui fait la chanson (ou la musique)."
"Un peu de honte est bientôt bue."
"Janvier ne veut pas voir pisser un rat."
"Bien en commun ne fait pas monceau."
"En mars, quand il fait beau, prends ton manteau."
"Au premier son, on ne prend la caille."
"En parlant du soleil on en voit les rayons."
"Il ne faut pas vendre la peau de l'ours avant qu'on ne l'ait mis à terre."
"Commun n'est pas comme un."
"Quand les hirondelles voient la Saint-Michel, \nL'hiver ne vient qu'à Noël."
"On adore plutôt le soleil que le soleil couchant."
"Dans un mortier de l'eau ne pile."
"Il ne faut pas se dépouiller avant de se coucher."
"Toujours pêche qui en prend un."
"Si on savait les trous, on prendrait les loups."
"L'intention fait l'action."
"Craignez la colère de la colombe."
"Tant que le chien pisse, le lièvre s'enfuit."
"Au premier son, on ne prend la caille."
"Nulle montagne sans vallée."
"Il ne faut pas qu'on voit jamais le fond de notre bourse."
"Bien en commun ne fait pas monceau."
"Gelée du Vendredi saint \nGèle le pain et le vin."
"Craignez la colère de la colombe."
"Commun n'est pas comme un."
"Tant que le chien pisse, le lièvre s'enfuit."
"Au premier son, on ne prend la caille."
"Il ne faut pas vendre la peau de l'ours avant qu'on ne l'ait mis à terre."
"Bien perdu, bien connu."
"Un visage qui ne rit jamais est le témoin d'un coeur mauvais."
"On crie toujours le loup plus grand qu'il n'est."
"Bourgeons de Saint-Valérien, \nLe fruit n'est pas loin."
"Entre le 10 et le 20 janvier, les plus contents sont les drapiers."
"En parlant du soleil on en voit les rayons."
"Dans un mortier de l'eau ne pile."
"En mars, quand il fait beau, prends ton manteau."
"Commun n'est pas comme un."
"Au premier son, on ne prend la caille."
"L'intention fait l'action."
"Le monde est rond : Qui ne sait nager va au fond."
"A la Saint-Loup, \nLa lampe au clou."
"A la Saint-Sébastien, l'hiver s'en va ou revient."
"A la Saint-Loup, \nLa lampe au clou."
"Mieux vaut peu que rien."
"Une abeille vaut mieux que mille mouches."
"A la Saint-Pierre, l'hiver s'en va ou se resserre."
"Toujours pêche qui en prend un."
"Commun n'est pas comme un."
"Un peu de honte est bientôt bue."
"Il ne faut pas puiser au ruisseau quand on peut puiser à la source."
"A vivre, on apprend toujours quelque chose."
"Une abeille vaut mieux que mille mouches."
"Le soleil n'échauffe que ce qu'il voit."
"Bien en commun ne fait pas monceau."
"À Saint-Abdon,Mûrs sont les melons."
"En mars, quand il fait beau, prends ton manteau."
"En parlant du soleil on en voit les rayons."
"Il ne faut pas qu'on voit jamais le fond de notre bourse."
"L'intention fait l'action."
"Si février n'a pas de grands froids, le vent dominera tout le reste des mois."
"Pourvu qu'à la Saint-Germain, \r\nLe Bon Dieu ne soit pas parrain."
"Si on savait les trous, on prendrait les loups."
"Neige qui tombe engraisse la terre."
"A merles soûl, cerises amères."
"Entre le 10 et le 20 janvier, les plus contents sont les drapiers."
"On adore plutôt le soleil que le soleil couchant."
"Vin de mai, \nPiquette de chais."
"Il n'y a pas de petites économies."
"Bourgeons de Saint-Valérien, \nLe fruit n'est pas loin."
"Il ne faut pas acheter chat en poche."
"Le crime ne paie pas."
"Neige qui tombe engraisse la terre."
"Dans un mortier de l'eau ne pile."
"C'est le ton qui fait la chanson (ou la musique)."
"Quand il tonne, il faut écouter tonner."
"Il ne faut pas se dépouiller avant de se coucher."
"Il ne faut pas vendre la peau de l'ours avant qu'on ne l'ait mis à terre."
"Goutte à goutte on emplit la cuve."
"Bien perdu, bien connu."
"La faim chasse le loup hors du bois."
"Le besoin fait vieille trotter."
"En mars, quand il fait beau, prends ton manteau."
"Les conseilleurs ne sont pas les payeurs."
"La Sainte-Mélanie de la pluie n'en veut mie."
"Nulle montagne sans vallée."
"Vin de mai, \nPiquette de chais."
"Mieux vaut peu que rien."
"Il ne faut pas se dépouiller avant de se coucher."
"Quand il tonne, il faut écouter tonner."
"Force passe droit."
"On commande au valet et le valet au chat et le chat commande à sa queue."
"Toujours sent le mortier les aux."
"Tant que le chien pisse, le lièvre s'enfuit."
"Le monde est rond : Qui ne sait nager va au fond."
"A la Saint-Sébastien, l'hiver s'en va ou revient."
"Bourgeons de Saint-Valérien, \nLe fruit n'est pas loin."
"Qui n'a que dix-neuf sous, ne saurait compter en francs."
"Au premier son, on ne prend la caille."
"A vivre, on apprend toujours quelque chose."
"Il ne faut pas donner des brebis à garder au loup."
"Trop de précautions nuit."
"En parlant du soleil on en voit les rayons."
"Dans un mortier de l'eau ne pile."
"S'il gèle à la Saint-Sulpice, le printemps sera propice."
"A vivre, on apprend toujours quelque chose."
"A la Saint-Pierre, l'hiver s'en va ou se resserre."
"Il ne faut pas puiser au ruisseau quand on peut puiser à la source."
"Il passera bien de l'eau sous le pont"
"Petit chaudron, grandes oreilles."
"Deux bêtes paissent bien en un pré."
"Il ne faut pas mélanger torchons et serviettes."
"Qui aime autrui plus que lui-même\nSe meurt de soif à la fontaine."
"Le monde est rond : Qui ne sait nager va au fond."
"Toujours ne dure orage ne guerre."
"Toujours pêche qui en prend un."
"Il faut puiser quand la corde est au puit."
"A la Saint-Pierre, l'hiver s'en va ou se resserre."
"Commun n'est pas comme un."
"Bien en commun ne fait pas monceau."
"Les paroles des grands ne tombent jamais à terre."
"Ne mesurez pas autrui à votre aune."
"A merles soûl, cerises amères."
"Quand les hirondelles voient la Saint-Michel, \nL'hiver ne vient qu'à Noël."
"Une abeille vaut mieux que mille mouches."
"C'est l'intention qui compte."
"On ne jette pas de pierres qu'à l'arbre chargé de fruits."
"Il vaut mieux prier Dieu que ses saints."
"Il ne faut pas qu'on voit jamais le fond de notre bourse."
"Poignée de main ne vaut pas poignée de pain."
"En un coup se fend la bille."
"Le bossu ne voit pas sa bosse."
"Il ne sert à rien de montrer les dents lorsqu'on est édenté."
"L'arbre tombe toujours du côté où il penche."
"Entre le 10 et le 20 janvier, les plus contents sont les drapiers."
"C'est le ton qui fait la chanson (ou la musique)."
"L'intention fait l'action."
"A la Saint-Sébastien, l'hiver s'en va ou revient."
"À tout seigneur, tout honneur."
"Les conseilleurs ne sont pas les payeurs."
"A la Saint-Vincent, \nTout dégèle ou tout fend."
"Pluie aux Rois, \nBlé jusqu'au toit."
"A la Saint-Agnès, une heure de plus."
"Trop de précautions nuit."
"Si on savait les trous, on prendrait les loups."
"Toujours sent le mortier les aux."
"La Sainte-Mélanie de la pluie n'en veut mie."
"Bien perdu, bien connu."
"A la Saint-Vincent, l'hiver monte ou descend."
"Le soleil n'échauffe que ce qu'il voit."
"En février, si au soleil ton chat tend sa peau, \nEn mars, il l'exposera au fourneau."
"Septembre se nomme \nLa mai de l'automne."
"Il faut garder une poire pour la soif."
"Souvent il faut baiser le bras dont on voudrait que la main fût coupée."
"A la Saint-Agnès, une heure de plus."
"Quand les hirondelles voient la Saint-Michel, \nL'hiver ne vient qu'à Noël."
"Craignez la colère de la colombe."
"Il faut puiser quand la corde est au puit."
"A la Saint-Pierre, l'hiver s'en va ou se resserre."
"Vin de mai, \nPiquette de chais."
"A la Saint-Ignace, \nL'eau est de glace."
"Sainte-Eulalie avec la pluie, \nQuarante jours reste dans ton lit !"
"Il ne faut pas se dépouiller avant de se coucher."
"Il passera bien de l'eau sous le pont"
"Toujours sent le mortier les aux."
"Entre le 10 et le 20 janvier, les plus contents sont les drapiers."
"Les conseilleurs ne sont pas les payeurs."
"L'homme heureux n'a pas de chemise."
"A vieux comptes, nouvelles disputes."
"Gelée du Vendredi saint \nGèle le pain et le vin."
"Pluie de Saint-Grégoire, \nAutant de vin de plus à boire."
"Poussière de mars, \nPoussière d'or."
"Un sac percé ne peut tenir la graine."
"Si février n'a pas de grands froids, \nLe vent dominera tout le reste du mois."
"Trop de précautions nuit."
"Quand l'arbre est tombé, tout le monde court aux branches."
"À Saint-Abdon,Mûrs sont les melons."
"Il ne faut pas vendre la peau de l'ours avant qu'on ne l'ait mis à terre."
"La récolte du voisin est toujours plus abondante."
"A la Saint-Sébastien, l'hiver s'en va ou revient."
"Avril entrant comme un agneau \nS'en retourne comme un taureau."
"Au mois d'avril, si mon maître ne me voyait, \nJe dormirais. \nAu mois de mai, qu'il me voie ou non, \nJe dormirai."
"En mars, quand il fait beau, prends ton manteau."
"Prends bref conseil et fais ton fait."
"Tout paraît jaune à celui qui a la jaunisse."
"Une once de vanité gâte un quintal de mérite."
"Le soleil n'échauffe que ce qu'il voit."
"C'est l'intention qui compte."
"Petit présent trop attendu\nN'est pas donné mais bien vendu."
"On adore plutôt le soleil que le soleil couchant."
"Rosée du soir et fraîcheur de mai \nAppellent du vin et beaucoup de foin."
"La rosée de mai \nFait tout beau ou tout laid."
"Besoin fait maint sentier tenir."
"Mieux vaut ployer que rompre."
"Le besoin fait vieille trotter."
"Quand les hirondelles voient la Saint-Michel, \nL'hiver ne vient qu'à Noël."
"Petite étincelle engendre grand feu."
"Qui bout la lessive le Vendredi saint \nFait bouillir le sang de notre Sauveur."
"On ne jette pas de pierres qu'à l'arbre chargé de fruits."
"Le vent de prospérité change bien souvent de côté."
"Froid mai, chaud juin, \nRemplissent les granges jusqu'aux coins."
"En juin, beau soleil qui donne \nN'a jamais tué personne."
"Neige qui tombe engraisse la terre."
"Il passera bien de l'eau sous le pont"
"Eté de la Saint-Martin dure trois jours et un brin."
"Le monde est rond : Qui ne sait nager va au fond."
"Tant que le chien pisse, le lièvre s'enfuit."
"Quand il pleut à la Saint-Aubin, \nL'eau est plus chère que le vin."
"A vivre, on apprend toujours quelque chose."
"Il n'y a pas de petites économies."
"L'été, \nLa nonne l'enflamme, \nLe moine l'éteint."
"Qui dort le jour de la Saint-Jean \nA sommeil tout l'an."
"Au premier son, on ne prend la caille."
"Force passe droit."
"Chacun croit fort aisément ce qu'il craint et ce qu'il désire."
"Le besoin fait vieille trotter."
"A vieux comptes, nouvelles disputes."
"Qui n'a que dix-neuf sous, ne saurait compter en francs."
"Il ne faut pas qu'on voit jamais le fond de notre bourse."
"Il ne sert à rien de montrer les dents lorsqu'on est édenté."
"L'hirondelle en septembre abandonne \nLe ciel refroidi de l'automne."
"Ce qu'août ne mûrit pas, \nCe n'est pas septembre qui  le fera."
"En parlant du soleil on en voit les rayons."
"Nulle montagne sans vallée."
"Quand il tonne, il faut écouter tonner."
"Dans un mortier de l'eau ne pile."
"Neige de février \nVaut fumier."
"À tout seigneur, tout honneur."
"Le vent du jour de l'an \nSouffle moitié de l'an."
"A la Saint-Crépin, \nLes mouches voient leur fin."
"Quand novembre aura fleurs nouvelles, \nMorte saison sera cruelle."
"S'il pleut à la Saint-Denis, \nLa rivière sort neuf fois de son lit."
"A la Saint-Sébastien, l'hiver s'en va ou revient."
"Si les mouches dansent en janvier, \nMénage ton foin au grenier."
"Il faut coudre la peau du renard avec celle du lion."
"A la Saint-Agnès, une heure de plus."
"Qui compte sans son hôte, compte deux fois."
"Chacun sait où soulier le blesse."
"A la Saint-Vincent, l'hiver monte ou descend."
"C'est l'intention qui compte."
"Décembre, de froid trop chiche, \nNe fait pas le paysan riche."
"Si décembre est sous la neige, \nLa récolte elle protège."
"La caque sent toujours le hareng."
"Petit présent trop attendu\nN'est pas donné mais bien vendu."
"Un visage qui ne rit jamais est le témoin d'un coeur mauvais."
"On crie toujours le loup plus grand qu'il n'est."
"Les paroles des grands ne tombent jamais à terre."
"Prends bref conseil et fais ton fait."
"Toujours ne dure orage ne guerre."
"Il est avis au renard, que chacun mange des poules comme lui."
"Il n'y a point de dette sitôt payée, que le mépris."
"Envieux meurent, mais envie ne meurt jamais."
"Un peu de honte est bientôt bue."
"On crie toujours le loup plus grand qu'il n'est."
"Un visage qui ne rit jamais est le témoin d'un coeur mauvais."
"Commun n'est pas comme un."
"Bien en commun ne fait pas monceau."
"Il passera bien de l'eau sous le pont"
"Les plaisanteries les plus courtes sont les meilleures."
"Il ne faut qu'un coup pour tuer un loup."
"On ne gagne pas beaucoup à courir le monde."
"Qui s'attend à l'écuelle d'autrui a souvent mauvais dîner."
"Mieux vaut peu que rien."
"Le vent de prospérité change bien souvent de côté."
"Donner l'aumône n'appauvrit personne."
"Une once de vanité gâte un quintal de mérite."
"A la Saint-Loup, \nLa lampe au clou."
"Il vaut mieux prier Dieu que ses saints."
"Une abeille vaut mieux que mille mouches."
"Plus on est de fous, plus on rit."
"Quand on est seul on devient nécessaire."
"On n'a jamais bon marché de mauvaise marchandise."
"Si l'hiver ne fait son devoir \nEn mois de décembre et janvier, \nAu plus tard il se fera voir \nDès le deuxième de février."
"Il ne faut pas confondre les cocos et les abricots: le coco a de l'eau, l'abricot un noyau."
"Tard donner, c'est refuser."
"S'il gèle à la Saint-Sulpice, le printemps sera propice."
"Petit chaudron, grandes oreilles."
"En février, si au soleil ton chat tend sa peau, \nEn mars, il l'exposera au fourneau."
"Qui bout la lessive le Vendredi saint \nFait bouillir le sang de notre Sauveur."
"Mieux vaut ployer que rompre."
"Les paroles s'en vont, les écrits restent."
"Comparaisons sont odieuses."
"L'arbre tombe toujours du côté où il penche."
"Quand l'arbre est tombé, tout le monde court aux branches."
"Janvier ne veut pas voir pisser un rat."
"A la Saint-Loup, \nLa lampe au clou."
"Le monde est rond : Qui ne sait nager va au fond."
"Bons nageurs sont à la fin noyés."
"L'on ne peut cacher aiguille en sac."
"Qui aime autrui plus que lui-même\nSe meurt de soif à la fontaine."
"Trop tirer rompt la corde."
"Trop tranchant ne coupe pas, trop pointu ne perce pas."
"Il ne sert à rien de montrer les dents lorsqu'on est édenté."
"Goutte à goutte on emplit la cuve."
"On peut tirer parti d'affaires mal gérées ou malhonnêtes."
"Il faut puiser quand la corde est au puit."
"S'il gèle à la Saint-Sulpice, le printemps sera propice."
"A vivre, on apprend toujours quelque chose."
"Il ne faut pas puiser au ruisseau quand on peut puiser à la source."
"Trop de précautions nuit."
"Qui plus a, plus convoite."
"Homme rusé, tard abusé."
"Il faut hurler avec les loups, si l'on veut courir avec eux."
"À tout seigneur, tout honneur."
"En un coup se fend la bille."
"Quand l'arbre est tombé, tout le monde court aux branches."
"Il est vertueux, celui qui rougit quand il a tort."
"Le vent du jour de l'an \nSouffle moitié de l'an."
"L'arbre tombe toujours du côté où il penche."
"Si on savait les trous, on prendrait les loups."
"En demandant on va à Rome."
"A tout peine est dû salaire."
"On ne jette pas de pierres qu'à l'arbre chargé de fruits."
"La Sainte-Mélanie de la pluie n'en veut mie."
"Bien perdu, bien connu."
"Poignée de main ne vaut pas poignée de pain."
"D'un petit gland sourd naît un grand chêne."
"Pourvu qu'à la Saint-Germain, \r\nLe Bon Dieu ne soit pas parrain."
"Le renard cache sa queue."
"Si février n'a pas de grands froids, le vent dominera tout le reste des mois."
"Ce qui est fait est fait."
"L'épine en naissant va la pointe en avant."
"C'est l'intention qui compte."
"Ciel rouge le soir laisse bon espoir\nCiel rouge le matin, pluie en chemin."
"Quand l'hiver n'est pas pressé, \nIl arrive à la Saint-André."
"Ce n'est pas tout d'avoir bonne cause, il faut encore savoir solliciter."
"Les branches des arbres trop chargés se rompent."
"Il vaut mieux être mûrier qu'amandier."
"C'est de la moutarde après dîner."
"Qui compte sans son hôte, compte deux fois."
"Toujours va qui danse."
"Les fautes sont faites pour le jeu."
"Craignez la colère de la colombe."
"Il est avis au renard, que chacun mange des poules comme lui."
"Le crime ne paie pas."
"Promettre et tenir sont deux."
"Il ne faut pas acheter chat en poche."
"De sottises faites à plaisir, on se repent à loisir."
"Donner l'aumône n'appauvrit personne."
"Tard donner, c'est refuser."
"Paris ne s'est pas faite en un jour."
"Le fait juge l'homme."
"Il ne faut pas se dépouiller avant de se coucher."
"Il ne faut qu'un coup pour tuer un loup."
"Il est vertueux, celui qui rougit quand il a tort."
"Pluie de février, Emplit les greniers."
"Si, contre la vague, la mer frise, \nSaute de vent vient en surprise."
"Chacun est bossu quand il se baisse."
"Entre le 10 et le 20 janvier, les plus contents sont les drapiers."
"Une once de vanité gâte un quintal de mérite."
"A Carême-prenant, chacun à besoin de sa poêle."
"Il vaut mieux changer de plat que d'assiette."
"Chacun croit fort aisément ce qu'il craint et ce qu'il désire."
"Les pots fêlés sont ceux qui durent le plus."
"Cruauté est fille de couardise."
"Février et mars trop chauds \nMettent le printemps au tombeau."
"Autre pays, autre coutume."
"Besoin fait maint sentier tenir."
"Le besoin fait vieille trotter."
"La faim chasse le loup hors du bois."
"Sous la crasse, la beauté s'y cache."
"Beauté sans bonté est comme vin éventé."
"L'été, \nLa nonne l'enflamme, \nLe moine l'éteint."
"Pluie de Saint-Hugues à Sainte-Sophie \nRemplit granges et fournils"
"Mieux vaut ruse que force."
"Souvent il faut baiser le bras dont on voudrait que la main fût coupée."
"Soleil et chaleur à la Saint-Hilaire \nN'indiquent pas la fin de l'hiver."
"Chacun voit avec ses lunettes."
"À Saint-Abdon,Mûrs sont les melons."
"Si vous cassez la bouteille vous n'y boirez plus."
"Il ne faut pas confondre les cocos et les abricots: le coco a de l'eau, l'abricot un noyau."
"\u008Cil un autre \u009Cil voit et non soi."
"Si les mouches dansent en janvier, \nMénage ton foin au grenier."
"Temps humide de juin \nFait chagrin."
"Saint-Vincent clair et beau, \nPlus de vin que d'eau."
"Le mauvais an \nEntre en nageant."
"Il ne faut pas juger le sac à l'étiquette."
"A la Saint-Vincent, \nTout dégèle ou tout fend."
"Tout paraît jaune à celui qui a la jaunisse."
"Janvier sec et sage \nEst un bon présage."
"L'on ne peut cacher aiguille en sac."
"Bouche en c\u009Cur au sage, c\u009Cur en bouche au fou."
"Août mûrit les fruits, \nSeptembre les cueille."
"Saint-Georges, Saint-Marc, sont réputés saints grêleurs ou saints vendangeurs."
"On commande au valet et le valet au chat et le chat commande à sa queue."
"Force passe droit."
"Il ne faut pas cacher la lampe sous le boisseau."
"Chacun sait où soulier le blesse."
"Neige de février \nVaut fumier."
"Si février n'a ni pluies, ni giboulées, \nTous les mois de l'année seront ennuyés."
"Février et mars trop chauds \nMettent le printemps au tombeau."
"Froides mains, chaudes amours."
"Si l'hiver ne fait son devoir \nEn mois de décembre et janvier, \nAu plus tard il se fera voir \nDès le deuxième de février."
"Promettre et tenir sont deux."
"Tard donner, c'est refuser."
"Donner l'aumône n'appauvrit personne."
"Deux précautions valent mieux qu'une."
"Un couteau aiguise l'autre."
"S'il ne tient qu'à jurer, la vache est à nous."
"Soit au début, soit à la fin, \nMars nous montre son venin."
"Trop de précautions nuit."
"Qui se sent morveux se mouche."
"Folle est la brebis qui au loup se confesse."
"On adore plutôt le soleil que le soleil couchant."
"On ne prend pas un oiseau à la tarterelle."
"Le chaud à la Saint-Joseph, \nL'été sera bref."
"Il ne faut qu'un coup pour tuer un loup."
"Chacun est bossu quand il se baisse."
"La peau est plus proche que la chemise."
"Poussière de mars, \nPoussière d'or."
"Chien hargneux a toujours les oreilles déchirées."
"L'on ne peut humer et souffler tout ensemble."
"Le soleil du matin ne dure pas tout le jour."
"Quand l'hiver n'est pas pressé, \nIl arrive à la Saint-André."
"Il est plus de trompeurs que de trompettes."
"Le vin d'avril est un vin de Dieu ; \nLe vin de mai est un vin de laquais."
"Il ne faut pas mélanger torchons et serviettes."
"Mars gris, avril pluvieux, \nFont l'an fertile et plantureux."
"Vin de mai, \nPiquette de chais."
"Il n'est jamais avril \nSi le coucou ne l'a dit."
"A la Saint-Pierre, l'hiver s'en va ou se resserre."
"Premier levé, premier chaussé."
"Deux bêtes paissent bien en un pré."
"Les pots fêlés sont ceux qui durent le plus."
"Les plaisanteries les plus courtes sont les meilleures."
"Fait à autrui ce que tu voudrais qu'on te fit."
"Saint-Georges, Saint-Marc, sont réputés saints grêleurs ou saints vendangeurs."
"Qui se fait bête, le loup mange."
"Il faut hurler avec les loups, si l'on veut courir avec eux."
"Tant que le chien pisse, le lièvre s'enfuit."
"Au premier jour de mai, blanche gelée \nTue les fruits de l'année."
"Qui a la santé a tout, qui n'a pas la santé n'a rien."
"Il faut coudre la peau du renard avec celle du lion."
"Tant que le chien pisse, le lièvre s'enfuit."
"Qui partout sème ne récolte nulle part."
"Faute de grives, on mange des merles."
"Qui compte sans son hôte, compte deux fois."
"Ne mesurez pas autrui à votre aune."
"Les paroles des grands ne tombent jamais à terre."
"Qui approche le beurre du feu ne l'empêche pas de fondre."
"La vérité est au fond du verre."
"D'une bonne vigne prenez le plant ; d'une bonne mère prenez la fille."
"Un sac percé ne peut tenir la graine."
"Chacun voit avec ses lunettes."
"Eté de la Saint-Martin dure trois jours et un brin."
"Mauvaise herbe croît toujours même en hiver."
"Le bossu ne voit pas sa bosse."
"En un coup se fend la bille."
"Temps trop beau en août \nAnnonce hiver en courroux."
"On ne peut complaire à tous."
"Regarde comme sont menées \nDepuis Noël douze journées \nCar, en suivant ces douzes jours \nLes douze mois feront leur cours."
"Le moine répond comme l'abbé chante."
"Le mauvais an \nEntre en nageant."
"Janvier sec et sage \nEst un bon présage."
"Si les mouches dansent en janvier, \nMénage ton foin au grenier."
"Saint-Vincent clair et beau, \nPlus de vin que d'eau."
"Un temps clair au jour des Rois \nNous annonce un regain de froid."
"Soleil et chaleur à la Saint-Hilaire \nN'indiquent pas la fin de l'hiver."
"Pluie aux Rois, \nBlé jusqu'au toit."
"A la Saint-Vincent, \nTout dégèle ou tout fend."
"Pluie de Saint-Michel sans orage \nD'un doux hiver est le présage."
"Saison tardive n'est pas oisive."
"Qui taille sa vigne au mois de février, \nN'a pas besoin de corbeille ni de panier."
"Février, le plus court des mois, \nEst de tous le pire à la fois."
"Il vaut mieux un renard au poulailler, \nQu'un homme en chemise en février."
"Si février n'a ni pluies, ni giboulées, \nTous les mois de l'année seront ennuyés."
"Février et mars trop chauds \nMettent le printemps au tombeau."
"Neige de février \nVaut fumier."
"Pluie de février, Emplit les greniers."
"Septembre se nomme \nLa mai de l'automne."
"En février, si au soleil ton chat tend sa peau, \nEn mars, il l'exposera au fourneau."
"Qui fuit la meule fuit la farine."
"Si l'hiver ne fait son devoir \nEn mois de décembre et janvier, \nAu plus tard il se fera voir \nDès le deuxième de février."
"Si, contre la vague, la mer frise, \nSaute de vent vient en surprise."
"Pluie du matin\nN'a jamais submergé le moulin"
"Noël un samedi,\n An où tout le monde mendie."
"Le soleil de Chandeleur \nAnnonce hiver et malheur."
"Carnaval au soleil, \nPâques au feu."
"Le renard cache sa queue."
"Sainte-Eulalie avec la pluie, \nQuarante jours reste dans ton lit !"
"A la Saint-Sébastien, l'hiver s'en va ou revient."
"Tous les ânes ne portent pas sac."
"A la Saint-Mathias \nSe fond et se brise la glace."
"Beau ciel à la Saint-Romain, \nIl y aura des denrées et du bon vin."
"Soit au début, soit à la fin, \nMars nous montre son venin."
"Pluie de mars grandit l'herbette \nEt souvent annonce disette."
"Des fleurs qui s'ouvrent en mars, \nOn n'en a que le regard."
"Quand mars se déguise en été, \nAvril prend ses habits fourrés."
"Mars pluvieux, \nAn disetteux."
"Quand mars bien mouillé sera, \nBeaucoup de fruits tu cueilleras."
"Poussière de mars, \nPoussière d'or."
"Un baudet périt toujours par les pattes."
"Poussière de mars, \nPoussière d'or."
"Quand avril commence trop doux, \nIl finit le pire de tous."
"\"Avec des \"\"si \"\", on mettrait Paris en bouteille.\""
"Pluie de Saint-Grégoire, \nAutant de vin de plus à boire."
"Gertrude amène les cigognes, \nBarthélemy vide leur nid."
"Le chaud à la Saint-Joseph, \nL'été sera bref."
"Fleurs de printemps sont fruits d'automne."
"Nul ne perd qu'autrui ne gagne."
"Vilain dimanche, \nBeau lundi, \nSale semaine."
"Quand on tient la poule, il faut la plumer."
"Le vin d'avril est un vin de Dieu ; \nLe vin de mai est un vin de laquais."
"Il n'est jamais avril \nSi le coucou ne l'a dit."
"Au mois d'avril, si mon maître ne me voyait, \nJe dormirais. \nAu mois de mai, qu'il me voie ou non, \nJe dormirai."
"Avril entrant comme un agneau \nS'en retourne comme un taureau."
"Avril le doux, \nQuand il se fâche, le pire de tout."
"Mars gris, avril pluvieux, \nFont l'an fertile et plantureux."
"Toujours pêche qui en prend un."
"La rosée de mai \nFait tout beau ou tout laid."
"Quand il pleut le premier jour de mai, \nLes fourrages rendent amer le lait."
"Dieu donne le froid selon le drap."
"Au moment où commence avril, \nL'esprit doit se montrer subtil."
"Pluie de Saint-Hugues à Sainte-Sophie \nRemplit granges et fournils"
"Le mois de mai, de l'année, \nDécide la destinée."
"Pluie le jour de Sainte-Opportune, \nNi cerises, ni prunes."
"Saint-Georges, Saint-Marc, sont réputés saints grêleurs ou saints vendangeurs."
"Plantez vos fèves à la Saint-Eutrope, \nVous aurez plus de fèves que de mottes."
"La rosée de mai \nFait tout beau ou tout laid."
"Rosée du soir et fraîcheur de mai \nAppellent du vin et beaucoup de foin."
"Quand il pleut le premier jour de mai, \nLes fourrages rendent amer le lait."
"Mieux vaut ami en voie que deniers en courroie."
"Mai frileux : an langoureux. \nMai fleuri : an réjoui. \nMai venteux : an douteux."
"Au premier jour de mai, blanche gelée \nTue les fruits de l'année."
"Un peu de honte est bientôt bue."
"Le vigneron n'est rassuré \nQu'une fois la Saint-Urbain passée."
"Le temps sera à la moisson, \nComme à Saint-Médard nous l'avons."
"Temps humide de juin \nFait chagrin."
"Juin froid et pluvieux, \nTout l'an sera grincheux."
"En juin, beau soleil qui donne \nN'a jamais tué personne."
"Froid mai, chaud juin, \nRemplissent les granges jusqu'aux coins."
"On ne peut rester longtemps dans la boutique d'un parfumeur sans en emporter l'odeur."
"Eté bien doux, Hiver en courroux."
"Quand il pleut le jour de l'Ascension, \nLes cerises s'en vont en procession."
"Qui dit du mal de l'été, \nDu Bon Dieu sera rejeté."
"Septembre est souvent \nComme un second et court printemps."
"Qui naît à la Saint-Basilide \nNe sera jamais invalide."
"Avant la Saint-Jean, pluie bénite ; \nAprès la Saint-Jean, pluie maudite."
"S'il fait beau et luit Chandelours \nSix semaines se cache l'ours."
"A la Saint-Jean, \nLes feux sont grands."
"Qui dort le jour de la Saint-Jean \nA sommeil tout l'an."
"Il vaut mieux tenir que quérir."
"Saint-Médard éclairci \nFait le grenier farci."
"Juillet ensoleillé \nRemplit cave et grenier."
"En juillet, mois d'abondance, \nLe pauvre a toujours sa pitance."
"Temps trop beau en août \nAnnonce hiver en courroux."
"Jamais d'août la sécheresse \nN'aménera la richesse."
"Les nuits d'août \nTrompent les sages et les fous."
"Août mûrit les fruits, \nSeptembre les cueille."
"Soleil rouge en août, \nC'est de la pluie partout."
"Ce qu'août ne mûrit pas, \nCe n'est pas septembre qui  le fera."
"Marchand d'oignons se connaît en ciboules."
"Septembre est souvent \nComme un second et court printemps."
"Le jour de la Saint-Lambert, \nQui quitte sa place la perd."
"A la mi-août, \nL'hiver se noue."
"Pluie de Saint-Michel sans orage \nD'un doux hiver est le présage."
"Octobre en bruine, \nHiver en ruine."
"Brouillards d'Octobre et pluvieux novembre \nFont bon décembre."
"En octobre, qui n'a pas de manteau \nDoit en trouver un bientôt."
"Il n'est sauce que d'appétit."
"Quand secs sont les Avents, \nAbondant sera l'an."
"Mauvais ouvrier ne trouve jamais bon outil."
"S'il pleut à la Saint-Denis, \nLa rivière sort neuf fois de son lit."
"Quand novembre aura fleurs nouvelles, \nMorte saison sera cruelle."
"Quand en novembre il a tonné, \nL'hiver est avorté."
"Le mois de novembre est malsain, \nIl fait tousser dès laToussaint."
"Vent de Toussaint, \nTerreur de marin."
"C'est la faux qui paye les prés."
"A la Toussaint, \nCommence l'été de la Saint-Martin."
"Pour la Saint-Martin, Âne qui ne boit du vin ; \nÂne deux fois, Qui trop en boît."
"Sainte-Catherine, toute fille veut la fêter, \nMais point ne veut la coiffer."
"Entre mars et avril, on va de la table au lit."
"Décembre, de froid trop chiche, \nNe fait pas le paysan riche."
"Pluie d'orage dans les Avents \nEmpêche l'hiver d'arriver en son temps."
"Hiver, sitôt qu'il est trop beau, \nNous promet un été plein d'eau."
"Si l'hiver est chargé d'eau, \nL'été ne sera que plus beau."
"Doux hiver, printemps desséché, \nPénible hiver, printemps mouillé."
"Après un hiver froid, n'attends jamais de pluie : \nLa source, dans les airs, semble en être tarie."
"Vert Noël, \nBlanches Pâques."
"Noël un samedi,\n An où tout le monde mendie."
"Janvier ne veut pas voir pisser un rat."
"Fol et avoir ne se peuvent entr'avoir."
"Toujours va qui danse."
"Au chaudron des douleurs, chacun porte son écuelle."
"Janvier ne veut pas voir pisser un rat."
"Si l'hiver vient doucement, \nIl vient à la Saint-Vincent."
"Compagnon bien parlant vaut en chemin chariot branlant."
"Envieux meurent, mais envie ne meurt jamais."
"Il n'y a point de dette sitôt payée, que le mépris."
"A la Saint-Loup, \nLa lampe au clou."
"Celui qui laboure le champs le mange."
"Qui va doucement va sûrement."
"À faible champ fort laboureur."
"Le monde est rond : Qui ne sait nager va au fond."
"Bons nageurs sont à la fin noyés."
"Il faut attendre le boiteux."
"Deux gloutons ne s'accordent pas à une même assiette."
"Quand on est seul on devient nécessaire."
"Qui aime autrui plus que lui-même\nSe meurt de soif à la fontaine."
"L'habit volé ne va pas au voleur."
"La récolte du voisin est toujours plus abondante."
"Il vaut mieux arriver en retard qu'arriver en corbillard."
"Il ne sert à rien de montrer les dents lorsqu'on est édenté."
"Comparaisons sont odieuses."
"S'il pleut à la petite Saint-Jean, \nToute l'année s'en ressent \nJusqu'à la grande Saint-Jean."
"Après rastel n'a métier fourche."
"En petit champ croît bon blé."
"\"La marmite dit au chaudron: \"\"tu as le derrière noir\"\".\""
"Il faut puiser quand la corde est au puit."
"L'intention fait l'action."
"S'il gèle à la Saint-Sulpice, le printemps sera propice."
"Qui veut voyager loin ménage sa monture."
"Qui est loin de son écuelle est près de son dommage."
"Il ne faut pas puiser au ruisseau quand on peut puiser à la source."
"Qui s'attend à l'écuelle d'autrui a souvent mauvais dîner."
"On ne gagne pas beaucoup à courir le monde."
"Qui se sent galeux se gratte."
"Froides mains, chaudes amours."
"Pluie violente à la Saint-Christophe \nPeut mener à la catastrophe."
"Trop tranchant ne coupe pas, trop pointu ne perce pas."
"Il faut tailler son manteau selon son drap."
"Peu de chose peu de plaid."
"Bien bas choit, qui trop haut monte."
"Compagnon bien parlant vaut en chemin chariot branlant."
"Qui plus haut monte de plus haut chiet."
"Au chaudron des douleurs, chacun porte son écuelle."
"Il est plus de trompeurs que de trompettes."
"À tout seigneur, tout honneur."
"Après la panse vient la danse."
"De bien mal acquis courte joie."
"On ne peut homme nu dépouiller."
"On ne peut être à la fois juge et partie."
"Le vent du jour de l'an \nSouffle moitié de l'an."
"Quand on tient la poule, il faut la plumer."
"L'arbre tombe toujours du côté où il penche."
"L'habit volé ne va pas au voleur."
"La petite aumône est la bonne."
"On n'a jamais bon marché de mauvaise marchandise."
"Quand on est seul on devient nécessaire."
"Larron est le nom d'un homme."
"Deux gloutons ne s'accordent pas à une même assiette."
"L'épée use le fourreau."
"Deux gloutons ne s'accordent pas à une même assiette."
"A gros larron, grosse corde."
"La vérité sors de la bouche des enfants."
"Chacun sait ce qui bout dans sa marmite."
"Il y a assez à faire de regarder ce qui cuit dans sa marmite, sans regarder ce qui cuit dans celle du voisin."
"On ne jette pas de pierres qu'à l'arbre chargé de fruits."
"C'est le couvercle qui sait ce qu'il y a dans la marmite."
"Le lange l'a apporté le linceul l'emportera."
"L'argent c'est de l'éther."
"Il vaut mieux prévenir que guérir."
"Pourvu qu'à la Saint-Germain, \r\nLe Bon Dieu ne soit pas parrain."
"Qui n'épargne pas un sou n'en aura jamais deux."
"A beau se lever tard qui a bruit de se lever matin."
"La beauté ne sale pas la marmite."
"Chaque chaudron trouve son couvercle."
"Mieux vaut tenir la queue de la poêle que de l'avoir dans le dos."
"Mieux vaux moins mais mieux."
"Il n'y a si petit buisson qui ne porte son ombre."
"Les tonneaux vides sont ceux qui font le plus de bruit."
"Hippocrate dit oui et Galien non."
"De grands venteurs petits faiseurs."
"Couteau qui ne fait pas le tour du tronc n'emporte pas le chou."
"Trop tranchant ne coupe pas, trop pointu ne perce pas."
"Trop tirer rompt la corde."
"Il ne faut pas juger un paquet d'après ses ficelles."
"Il faut tailler son manteau selon son drap."
"Ce n'est pas tout d'avoir bonne cause, il faut encore savoir solliciter."
"Paris ne s'est pas faite en un jour."
"Beau soulier vient [devient] laide savate."
"Un homme vif n'a pas de heir."
"Mars gris, avril pluvieux, \nFont l'an fertile et plantureux."
"Au moment où commence avril, \nL'esprit doit se montrer subtil."
"Pluie de Saint-Hugues à Sainte-Sophie \nRemplit granges et fournils"
"Le mois de mai, de l'année, \nDécide la destinée."
"Pluie le jour de Sainte-Opportune, \nNi cerises, ni prunes."
"Saint-Georges, Saint-Marc, sont réputés saints grêleurs ou saints vendangeurs."
"Plantez vos fèves à la Saint-Eutrope, \nVous aurez plus de fèves que de mottes."
"La rosée de mai \nFait tout beau ou tout laid."
"Rosée du soir et fraîcheur de mai \nAppellent du vin et beaucoup de foin."
"Quand il pleut le premier jour de mai, \nLes fourrages rendent amer le lait."
"Mai \nFait ou défait."
"Mai frileux : an langoureux. \nMai fleuri : an réjoui. \nMai venteux : an douteux."
"Au premier jour de mai, blanche gelée \nTue les fruits de l'année."
"Le vigneron n'est rassuré \nQu'une fois la Saint-Urbain passée."
"Le temps sera à la moisson, \nComme à Saint-Médard nous l'avons."
"Temps humide de juin \nFait chagrin."
"Juin froid et pluvieux, \nTout l'an sera grincheux."
"En juin, beau soleil qui donne \nN'a jamais tué personne."
"Froid mai, chaud juin, \nRemplissent les granges jusqu'aux coins."
"Dieu nous garde des chaleurs de la Pentecôte \nEt des rosées de la Saint-Jean."
"Eté bien doux, Hiver en courroux."
"Quand il pleut le jour de l'Ascension, \nLes cerises s'en vont en procession."
"Qui dit du mal de l'été, \nDu Bon Dieu sera rejeté."
"Qui naît à la Saint-Basilide \nNe sera jamais invalide."
"Avant la Saint-Jean, pluie bénite ; \nAprès la Saint-Jean, pluie maudite."
"S'il fait beau et luit Chandelours \nSix semaines se cache l'ours."
"A la Saint-Jean, \nLes feux sont grands."
"Qui dort le jour de la Saint-Jean \nA sommeil tout l'an."
"L'été, \nLa nonne l'enflamme, \nLe moine l'éteint."
"Saint-Médard éclairci \nFait le grenier farci."
"Juillet ensoleillé \nRemplit cave et grenier."
"En juillet, mois d'abondance, \nLe pauvre a toujours sa pitance."
"Temps trop beau en août \nAnnonce hiver en courroux."
"Jamais d'août la sécheresse \nN'aménera la richesse."
"Les nuits d'août \nTrompent les sages et les fous."
"Août mûrit les fruits, \nSeptembre les cueille."
"Soleil rouge en août, \nC'est de la pluie partout."
"Ce qu'août ne mûrit pas, \nCe n'est pas septembre qui  le fera."
"L'hirondelle en septembre abandonne \nLe ciel refroidi de l'automne."
"Septembre est souvent \nComme un second et court printemps."
"Le jour de la Saint-Lambert, \nQui quitte sa place la perd."
"A la mi-août, \nL'hiver se noue."
"Pluie de Saint-Michel sans orage \nD'un doux hiver est le présage."
"Octobre en bruine, \nHiver en ruine."
"Brouillards d'Octobre et pluvieux novembre \nFont bon décembre."
"En octobre, qui n'a pas de manteau \nDoit en trouver un bientôt."
"Quand secs sont les Avents, \nAbondant sera l'an."
"S'il pleut à la Saint-Denis, \nLa rivière sort neuf fois de son lit."
"Quand novembre aura fleurs nouvelles, \nMorte saison sera cruelle."
"Quand en novembre il a tonné, \nL'hiver est avorté."
"Le mois de novembre est malsain, \nIl fait tousser dès laToussaint."
"Vent de Toussaint, \nTerreur de marin."
"A la Toussaint, \nCommence l'été de la Saint-Martin."
"Pour la Saint-Martin, Âne qui ne boit du vin ; \nÂne deux fois, Qui trop en boît."
"Sainte-Catherine, toute fille veut la fêter, \nMais point ne veut la coiffer."
"Quand l'hiver n'est pas pressé, \nIl arrive à la Saint-André."
"Décembre aux pieds blancs s'en vient : \nAn de neige est an de bien."
"Si décembre est sous la neige, \nLa récolte elle protège."
"Décembre, de froid trop chiche, \nNe fait pas le paysan riche."
"Pluie d'orage dans les Avents \nEmpêche l'hiver d'arriver en son temps."
"Hiver, sitôt qu'il est trop beau, \nNous promet un été plein d'eau."
"Si l'hiver est chargé d'eau, \nL'été ne sera que plus beau."
"Doux hiver, printemps desséché, \nPénible hiver, printemps mouillé."
"Après un hiver froid, n'attends jamais de pluie : \nLa source, dans les airs, semble en être tarie."
"Vert Noël, \nBlanches Pâques."
"Noël un samedi,\n An où tout le monde mendie."
"Si l'hiver vient doucement, \nIl vient à la Saint-Vincent."
"Envieux meurent, mais envie ne meurt jamais."
"Il n'y a point de dette sitôt payée, que le mépris."
"Celui qui laboure le champs le mange."
"À faible champ fort laboureur."
"C'est la faux qui paye les prés."
"S'il pleut à la petite Saint-Jean, \nToute l'année s'en ressent \nJusqu'à la grande Saint-Jean."
"Après rastel n'a métier fourche."
"En petit champ croît bon blé."
"\"La marmite dit au chaudron: \"\"tu as le derrière noir\"\".\""
"Qui est loin de son écuelle est près de son dommage."
"Qui s'attend à l'écuelle d'autrui a souvent mauvais dîner."
"On ne gagne pas beaucoup à courir le monde."
"Pluie violente à la Saint-Christophe \nPeut mener à la catastrophe."
"Bien bas choit, qui trop haut monte."
"Compagnon bien parlant vaut en chemin chariot branlant."
"Au chaudron des douleurs, chacun porte son écuelle."
"Il est plus de trompeurs que de trompettes."
"On ne peut homme nu dépouiller."
"L'habit volé ne va pas au voleur."
"La petite aumône est la bonne."
"On n'a jamais bon marché de mauvaise marchandise."
"Quand on est seul on devient nécessaire."
"Larron est le nom d'un homme."
"Deux gloutons ne s'accordent pas à une même assiette."
"A gros larron, grosse corde."
"Chacun sait ce qui bout dans sa marmite."
"Il y a assez à faire de regarder ce qui cuit dans sa marmite, sans regarder ce qui cuit dans celle du voisin."
"C'est le couvercle qui sait ce qu'il y a dans la marmite."
"Le lange l'a apporté le linceul l'emportera."
"L'argent c'est de l'éther."
"Comparaisons sont odieuses."
"Les paroles s'en vont, les écrits restent."
"La beauté ne sale pas la marmite."
"Chaque chaudron trouve son couvercle."
"Mieux vaut tenir la queue de la poêle que de l'avoir dans le dos."
"Mieux vaux moins mais mieux."
"Les tonneaux vides sont ceux qui font le plus de bruit."
"Qui casse les verres les paie."
"De grands venteurs petits faiseurs."
"Couteau qui ne fait pas le tour du tronc n'emporte pas le chou."
"Trop tranchant ne coupe pas, trop pointu ne perce pas."
"Trop tirer rompt la corde."
"Il ne faut pas juger un paquet d'après ses ficelles."
"Il faut tailler son manteau selon son drap."
"Beau soulier vient [devient] laide savate."
"Mieux vaut aimer bergères que princesses."
"Affection aveugle raison."
"De douce assemblée, dure desservée."
"Fait à autrui ce que tu voudrais qu'on te fit."
"Mieux vaut ruse que force."
"Homme rusé, tard abusé."
"Qui plus a, plus convoite."
"Nul ne perd qu'autrui ne gagne."
"De bien mal acquis courte joie."
"On ne donne rien pour rien."
"Gouverne ta bouche selon ta bourse."
"Les mauvais débiteurs font les mauvais prêteurs."
"On ne peut avoir le drap et l'argent."
"L'argent n'a point d'odeur."
"Tout ce qui brille n'est point or."
"A tout peine est dû salaire."
"En demandant on va à Rome."
"\"Ce n'est pas tout évangile, ce qu'on dit parmi la ville.\""
"On est plus couché que debout."
"Secret de trois, secret de tous."
"\"Avec des \"\"si \"\", on mettrait Paris en bouteille.\""
"La vérité sors de la bouche des enfants."
"La vérité comme l'huile vient au-dessus."
"Il faut casser le noyau pour avoir l'amende."
"Nulle rose sans épines."
"L'épine en naissant va la pointe en avant."
"Ce qui est fait est fait."
"Il ne faut pas jeter de l'huile sur le feu."
"De trop près se chauffe qui se brûle."
"Quand jean Bête est mort, il a laissé bien des héritiers."
"Qui n'épargne pas un sou n'en aura jamais deux."
"L' avare crierait famine sur un tas de blé."
"Un bon ouvrier n'est jamais trop chèrement payé."
"En limant on fait d'une poutre une aiguille."
"Rien ne pèse tant qu'un secret."
"Les fautes sont faites pour le jeu."
"Toujours va qui danse."
"Qui en jeu entre jeu consente."
"Selon le temps, la manière."
"Il faut attendre le boiteux."
"La patience vient à bout de tout."
"Ne remets pas au lendemain ce que tu peux faire le jour même."
"Il y en a toujours qui aimeront mieux sauver que passer les seaux."
"A partie prie point de conseil."
"Colère n'a conseil."
"Le fait juge l'homme."
"Paris ne s'est pas faite en un jour."
"Le doute est le commencement de la sagesse."
"Le miroir porte en soi l'image laquelle il ne voit."
"Ta chemise ne sache ta guise."
"Qui bien aime tard oublie."
"Il ne faut pas mêler les torchons et les serviettes."
"On lie bien le sac avant qu'il soit plein."
"Petit pot tient bien pinte."
"A un pot rompu, on ne peut mal faire."
"Il vaut mieux changer de plat que d'assiette."
"A Carême-prenant, chacun à besoin de sa poêle."
"Je sais à mon pot comment les autres bouillent."
"A bon buveur, telle bouteille."
"Il n'est rien comme les vieux ciseaux  pour couper la soie."
"Un torchon trouve toujours sa guenille."
"La chandelle qui va devant éclaire mieux que celle qui va derrière."
"La clé d'or ouvre toutes les portes."
"Quand on regarde quelqu'un, on n'en voit que la moitié."
"Beauté n'est qu'une image fardée."
"Beauté sans bonté est comme vin éventé."
"Sous la crasse, la beauté s'y cache."
"Grosse tête, peu de sens."
"Qui a bonne tête ne manque pas de chapeaux."
"Au vis le vice."
"Au semblant coignont-on l'homme."
"Belle chère et c\u009Cur arrière."
"Un grand nez ne gâte jamais beau visage."
"Bon pied, bon \u009Cil !"
"Orgueil n'a pas bon \u009Cil."
"On ne doit pas avoir les yeux plus grands que le ventre."
"\u008Cil un autre \u009Cil voit et non soi."
"C'est le nez qui reçoit le coup et ce sont les yeux qui pleurent."
"Bonjour lunettes, adieu fillettes."
"Les lunettes et les cheveux gris sont des quittances de l'amour."
"La barbe ne fait pas l'homme."
"Du côté de la barbe est la toute-puissance."
"En la grande barbe ne gît pas le savoir."
"Barbe rousse, noire de chevelure, est réputé faux par nature."
"En bouche close n'entre mouche."
"La bouche n'a pas de dimanche."
"Bouche en c\u009Cur au sage, c\u009Cur en bouche au fou."
"Miel sur la bouche, fiel sur le c\u009Cur."
"Bonnes sont les dents qui retiennent la langue."
"La langue va où la dent fait mal."
"A pain dur, dent aiguë."
"Tel a du pain quand il n'a plus de dents."
"Au paresseux, le poil lui pousse dans la main."
"Les mains sont faites avant les couteaux."
"De mains vides, prières vaines."
"Longue langue, courte main."
"Froides mains, chaudes amours."
"Rien ne sert de courir ; il faut partir à point."
"Un mauvais ouvrier a toujours de mauvais outils."
"L'école de la vie n'a point de vacances."
"Ne remettez jamais à demain ce que vous pouvez faire le jour même."
"A père avare, fils prodigue."
"Il faut qu'un menteur ait bonne mémoire."
"Qui veut noyer son chien l'accuse de la rage."
"En avril, ne te découvre pas d'un fil ; \nEn mai fais ce qu'il te plaît."
"Présence d'esprit est courage."
"Il n'est point de sot métier."
"Moins tu auras de nécessités, plus tu auras de liberté."
"Cent livres de mélancolie ne payent pas un sou de dettes."
"Devant Blaise, \nTout s'apaise"
"Il ne faut qu'une brebis galeuse pour gâter un troupeau."
"Pluie du matin n'arrête pas pèlerin."
"Le lien ne fait pas le fagot."
"Ciel clair à la Saint-Valentin \nAnnonce plénitude de biens."
"On ne peut ménager la chèvre et le chou."
"Aux grands maux les grands remèdes."
"Il n'est si sot qui n'ait sa ruse."
"Abondance de biens ne nuit pas."
"Les douze premiers jours de janvier indiquent le temps qu'il fera les douze mois de l'année."
"La pomme est pour le vieux singe."
"L'eau va à la rivière"
"A grand pêcheur échappe aiguille."
"L'avare crierait famine sur un tas de blé."
"Des fleurs de mars, ne tiens pas compte \nNon plus que des filles sans honte."
"Qui s'y frotte, s'y pique."
"Deux avis valent mieux qu'un."
"Le chien n'aime pas la banane et il ne veut pas que la poule en mange."
"Un homme averti en vaut deux"
"Où manque le bonheur, tout soin est inutile."
"Nul n'est prophète en son pays."
"Il n'est pas si gentil avril qui n'ait son chapeau de grésil."
"Toutes les fois qu'il tonne, le tonnerre ne tombe pas."
"Mieux vaut glisser du pied que de la langue."
"Il est plus aisé de réprimer une première fantaisie, que de satisfaire celles qui viennent ensuite."
"Toute vérité n'est pas bonne à dire."
"Bien mérite d'aller à pied, qui ne prend soin de son cheval."
"Cela paraît comme le nez au milieu de la figure."
"Qui mange l'oie du roi, cent ans après il en rend les plumes."
"Si le début juillet est pluvieux, \nLe restant du mois sera douteux."
"Rien n'est si dangereux qu'un indiscret ami, mieux vaudrait un sage ennemi."
"Qui n'a pas de tête n'a que faire d'un bonnet."
"De la discussion jaillit la lumière."
"Il vaut mieux être seul que mal accompagné."
"Goutte à goutte, l'eau creuse la pierre."
"Un clou chasse l'autre."
"Il ne faut jurer de rien."
"Tant va la cruche à l'eau qu'à la fin elle se brise."
"Les beaux esprits se rencontrent."
"C'est dans le besoin qu'on reconnaît ses vrais amis."
"Grande honte à qui châtie autrui et soi-même à châtier oublie."
"Si de beaucoup travailler on devenait riche, les ânes auraient le bât doré."
"Mieux vaut prévenir que guérir."
"Un coup de langue est pire qu'un coup de lance."
"Avec des « si » on mettrait Paris en bouteille."
"Chagrin d'autrui ne touche qu'à demi."
"Mieux vaut tard que jamais."
"Ce que femme veut Dieu le veut."
"A l'ongle on connaît le lion."
"L'honneur fleurit sur la fosse."
"On connaît les bonnes sources dans la sécheresse, et les bons amis dans la tristesse."
"Qui n'observe rien n'apprend rien."
"On ne saurait retenir le chat quand il a goûté à la crème."
"A bon vin point d'enseigne."
"La plus jolie fille du monde ne peut donner que ce qu'elle a."
"Un fou avise bien un sage."
"Les grands diseurs ne sont pas les grands faiseurs."
"Il est bon de parler, et meilleur de se taire."
"Qui prête aux amis perd au double."
"Il faut attendre la mort pour bien juger la vie."
"L'union fait la force."
"C'est un double plaisir que de tromper le trompeur."
"Les apparences sont souvent trompeuses."
"Science sans conscience n'est que ruine de l'âme."
"Charité bien ordonnée commence par soi-même."
"C'est l'hôpital qui se moque de la Charité."
"Il ne faut pas mettre la charrue avant les boeufs."
"La nuit porte conseil"
"Le mieux est l'ennemi du bien."
"Plus le coeur grandit, moins les paroles sont utiles."
"À l'impossible nul n'est tenu."
"Coeur qui soupire n'a pas ce qu'il désire."
"A bon chat, bon rat."
"Il faut battre le fer pendant qu'il est chaud."
"A quelque chose malheur est bon."
"Après la pluie le beau temps."
"Chantez à l'âne, il vous fera des pets."
"Les arbres les plus vieux ont les fruits les plus doux."
"Beaucoup savent parler, mais bien peu savent faire."
"Tout vient à point à qui sait attendre."
"L'habit ne fait pas le moine."
"A  coeur  vaillant rien d'impossible."
"Est heureux qui sait l'être."
"Patience et longueur de temps\nFont plus que force ni que rage."
"La nuit tous les chats sont gris."
"On reconnaît l'arbre à ses fruits."
"Aujourd'hui en chair, demain en bière."
"Un tiens vaut mieux que deux tu l'auras."
"il ne faut pas mettre le doigt entre l'arbre et l'écorce."
